{
  "NESTLEIND.NS": 99.67358676108067,
  "SUNPHARMA.NS": 97.04775651246077,
  "ITC.NS": 99.5229459349168,
  "DRREDDY.NS": 99.55327631137176,
  "TITAN.NS": 99.52076291451006,
  "EICHERMOT.NS": 99.06722855832686,
  "SBIN.NS": 99.29632253613632,
  "BPCL.NS": 99.75709451008078,
  "INDUSINDBK.NS": 98.65223942853014,
  "HDFCBANK.NS": 99.47792906214845,
  "HINDUNILVR.NS": 97.49529710284949,
  "HDFCLIFE.NS": 98.9940369213297,
  "BRITANNIA.NS": 99.32210077869729,
  "HDFC.NS": 99.78033590553808,
  "BHARTIARTL.NS": 99.30423216361409,
  "ASIANPAINT.NS": 97.93685910480046,
  "SBILIFE.NS": 98.90385704841404,
  "HEROMOTOCO.NS": 99.72298788638128,
  "ICICIBANK.NS": 99.7250586664657,
  "CIPLA.NS": 99.8868812658181,
  "TATACONSUM.NS": 99.40209209368658,
  "POWERGRID.NS": 99.03394851391074,
  "DIVISLAB.NS": 98.70315591442674,
  "ADANIPORTS.NS": 99.60148071612626,
  "KOTAKBANK.NS": 97.8854561745703,
  "BAJAJ-AUTO.NS": 99.41565554610932,
  "JSWSTEEL.NS": 99.82940723494494,
  "APOLLOHOSP.NS": 99.89824891096323,
  "COALINDIA.NS": 99.72037794218697,
  "GRASIM.NS": 99.33925589797926,
  "NTPC.NS": 99.21438938429375,
  "M&M.NS": 99.11786606945968,
  "ADANIENT.NS": 98.96292959935404,
  "LT.NS": 98.33900279424239,
  "MARUTI.NS": 98.37114664027709,
  "AXISBANK.NS": 98.18015784095499,
  "TATAMOTORS.NS": 97.54420372066416,
  "BAJFINANCE.NS": 98.9171271213232,
  "TATASTEEL.NS": 99.22429287750991,
  "BAJAJFINSV.NS": 99.33497201078298,
  "RELIANCE.NS": 98.37804075579982,
  "ONGC.NS": 99.74932052838182,
  "ULTRACEMCO.NS": 99.10645252946863,
  "HINDALCO.NS": 99.94147487389003,
  "UPL.NS": 98.99793229276324,
  "TCS.NS": 98.12185010179407,
  "WIPRO.NS": 97.8647961163235,
  "INFY.NS": 97.4421861073901,
  "TECHM.NS": 97.13233054285175,
  "HCLTECH.NS": 95.56421664356843
}
